dataset,exp,mode,n_epochs,lr,batch_size,hidden_size,n_layers,seq_enc,tab_enc,save_weights,train,linear,finetune,fold,exclude,unlabel_ratio,label_ratio,seed,scaler,norm_type,max_auc,max_auc_lp,max_auc_ft,max_auc_all
pmdata,run,sup,300,0.0001,512,64,3,transformer,resnet,False,True,True,True,0,all,0.0,1.0,0,quantile,global,0.8078441748758446,,,0.8078441748758446
pmdata,run,sup,300,0.0001,512,64,3,transformer,resnet,False,True,True,True,0,all,0.0,1.0,1,quantile,global,0.8038752747700073,,,0.8038752747700073
pmdata,run,sup,300,0.0001,512,64,3,transformer,resnet,False,True,True,True,0,all,0.0,1.0,2,quantile,global,0.8148864283969713,,,0.8148864283969713
pmdata,run,sup,300,0.0001,512,64,3,transformer,resnet,False,True,True,True,0,all,0.0,1.0,3,quantile,global,0.8174305951314825,,,0.8174305951314825
pmdata,run,sup,300,0.0001,512,64,3,transformer,resnet,False,True,True,True,1,all,0.0,1.0,0,quantile,global,0.8264657308009908,,,0.8264657308009908
pmdata,run,sup,300,0.0001,512,64,3,transformer,resnet,False,True,True,True,1,all,0.0,1.0,1,quantile,global,0.8548720066061106,,,0.8548720066061106
pmdata,run,sup,300,0.0001,512,64,3,transformer,resnet,False,True,True,True,1,all,0.0,1.0,2,quantile,global,0.8177126341866225,,,0.8177126341866225
pmdata,run,sup,300,0.0001,512,64,3,transformer,resnet,False,True,True,True,1,all,0.0,1.0,3,quantile,global,0.8175474814203137,,,0.8175474814203137
pmdata,run,sup,300,0.0001,512,64,3,transformer,resnet,False,True,True,True,2,all,0.0,1.0,0,quantile,global,0.8085921325051759,,,0.8085921325051759
pmdata,run,sup,300,0.0001,512,64,3,transformer,resnet,False,True,True,True,2,all,0.0,1.0,1,quantile,global,0.8198757763975155,,,0.8198757763975155
pmdata,run,sup,300,0.0001,512,64,3,transformer,resnet,False,True,True,True,2,all,0.0,1.0,2,quantile,global,0.8028985507246377,,,0.8028985507246377
pmdata,run,sup,300,0.0001,512,64,3,transformer,resnet,False,True,True,True,2,all,0.0,1.0,3,quantile,global,0.8160455486542443,,,0.8160455486542443
pmdata,run,sup,300,0.0001,512,64,3,transformer,resnet,False,True,True,True,3,all,0.0,1.0,0,quantile,global,0.7934782608695652,,,0.7934782608695652
pmdata,run,sup,300,0.0001,512,64,3,transformer,resnet,False,True,True,True,3,all,0.0,1.0,1,quantile,global,0.7820910973084886,,,0.7820910973084886
pmdata,run,sup,300,0.0001,512,64,3,transformer,resnet,False,True,True,True,3,all,0.0,1.0,2,quantile,global,0.7900621118012423,,,0.7900621118012423
pmdata,run,sup,300,0.0001,512,64,3,transformer,resnet,False,True,True,True,3,all,0.0,1.0,3,quantile,global,0.7891304347826088,,,0.7891304347826088
pmdata,run,sup,300,0.0001,512,64,3,transformer,resnet,False,True,True,True,4,all,0.0,1.0,0,quantile,global,0.7922841396203306,,,0.7922841396203306
pmdata,run,sup,300,0.0001,512,64,3,transformer,resnet,False,True,True,True,4,all,0.0,1.0,1,quantile,global,0.7960400081649316,,,0.7960400081649316
pmdata,run,sup,300,0.0001,512,64,3,transformer,resnet,False,True,True,True,4,all,0.0,1.0,2,quantile,global,0.8086548275158196,,,0.8086548275158196
pmdata,run,sup,300,0.0001,512,64,3,transformer,resnet,False,True,True,True,4,all,0.0,1.0,3,quantile,global,0.7995305164319249,,,0.7995305164319249
pmdata,run,clip,300,0.0001,512,64,3,transformer,resnet,False,True,True,True,0,label,1.0,0.1,0,quantile,global,0.5532239680859724,0.5,0.7829316942115119,0.7829316942115119
pmdata,run,clip,300,0.0001,512,64,3,transformer,resnet,False,True,True,True,0,label,1.0,0.1,1,quantile,global,0.5014450867052023,0.5,0.7791459741105593,0.7791459741105593
pmdata,run,clip,300,0.0001,512,64,3,transformer,resnet,False,True,True,True,0,label,1.0,0.1,2,quantile,global,0.5003460066758935,0.5187861271676301,0.7993568346495155,0.7993568346495155
pmdata,run,clip,300,0.0001,512,64,3,transformer,resnet,False,True,True,True,0,label,1.0,0.1,3,quantile,global,0.5509647480257266,0.5,0.7749938939998372,0.7749938939998372
pmdata,run,clip,300,0.0001,512,64,3,transformer,resnet,False,True,True,True,1,label,1.0,0.1,0,quantile,global,0.5479768786127167,0.5067299752270851,0.7364987613542527,0.7364987613542527
pmdata,run,clip,300,0.0001,512,64,3,transformer,resnet,False,True,True,True,1,label,1.0,0.1,1,quantile,global,0.5159785301403799,0.5,0.7290255986787779,0.7290255986787779
pmdata,run,clip,300,0.0001,512,64,3,transformer,resnet,False,True,True,True,1,label,1.0,0.1,2,quantile,global,0.5071428571428571,0.5667630057803468,0.7544591246903386,0.7544591246903386
pmdata,run,clip,300,0.0001,512,64,3,transformer,resnet,False,True,True,True,1,label,1.0,0.1,3,quantile,global,0.5451692815854665,0.5,0.7719653179190752,0.7719653179190752
pmdata,run,clip,300,0.0001,512,64,3,transformer,resnet,False,True,True,True,2,label,1.0,0.1,0,quantile,global,0.5328157349896481,0.5071428571428571,0.7871635610766045,0.7871635610766045
pmdata,run,clip,300,0.0001,512,64,3,transformer,resnet,False,True,True,True,2,label,1.0,0.1,1,quantile,global,0.5175983436853002,0.5,0.8076604554865425,0.8076604554865425
pmdata,run,clip,300,0.0001,512,64,3,transformer,resnet,False,True,True,True,2,label,1.0,0.1,2,quantile,global,0.5056935817805384,0.5063146997929607,0.8149068322981367,0.8149068322981367
pmdata,run,clip,300,0.0001,512,64,3,transformer,resnet,False,True,True,True,2,label,1.0,0.1,3,quantile,global,0.5162525879917184,0.5,0.7931677018633541,0.7931677018633541
pmdata,run,clip,300,0.0001,512,64,3,transformer,resnet,False,True,True,True,3,label,1.0,0.1,0,quantile,global,0.5607660455486542,0.5105590062111801,0.7346790890269151,0.7346790890269151
pmdata,run,clip,300,0.0001,512,64,3,transformer,resnet,False,True,True,True,3,label,1.0,0.1,1,quantile,global,0.5178053830227742,0.5,0.7320910973084886,0.7320910973084886
pmdata,run,clip,300,0.0001,512,64,3,transformer,resnet,False,True,True,True,3,label,1.0,0.1,2,quantile,global,0.5012422360248446,0.5511387163561077,0.7728778467908902,0.7728778467908902
pmdata,run,clip,300,0.0001,512,64,3,transformer,resnet,False,True,True,True,3,label,1.0,0.1,3,quantile,global,0.5198757763975156,0.5,0.7416149068322981,0.7416149068322981
pmdata,run,clip,300,0.0001,512,64,3,transformer,resnet,False,True,True,True,4,label,1.0,0.1,0,quantile,global,0.5560114309042662,0.5,0.7485813431312512,0.7485813431312512
pmdata,run,clip,300,0.0001,512,64,3,transformer,resnet,False,True,True,True,4,label,1.0,0.1,1,quantile,global,0.5339457032047357,0.5039395795060216,0.746927944478465,0.746927944478465
pmdata,run,clip,300,0.0001,512,64,3,transformer,resnet,False,True,True,True,4,label,1.0,0.1,2,quantile,global,0.5377015717493366,0.5479485609308022,0.7738518064911206,0.7738518064911206
pmdata,run,clip,300,0.0001,512,64,3,transformer,resnet,False,True,True,True,4,label,1.0,0.1,3,quantile,global,0.495366401306389,0.5070422535211268,0.7396815676668708,0.7396815676668708
pmdata,run,clip,300,0.0001,512,64,3,transformer,resnet,False,True,True,True,0,all,1.0,0.1,0,quantile,global,0.5352316209395098,0.5,0.7729992672799806,0.7729992672799806
pmdata,run,clip,300,0.0001,512,64,3,transformer,resnet,False,True,True,True,0,all,1.0,0.1,1,quantile,global,0.5404420744117887,0.5,0.7558414068224375,0.7558414068224375
pmdata,run,clip,300,0.0001,512,64,3,transformer,resnet,False,True,True,True,0,all,1.0,0.1,2,quantile,global,0.5088537002360987,0.5612635349670276,0.7858218676219165,0.7858218676219165
pmdata,run,clip,300,0.0001,512,64,3,transformer,resnet,False,True,True,True,0,all,1.0,0.1,3,quantile,global,0.5843849222502646,0.5,0.775177074004722,0.775177074004722
pmdata,run,clip,300,0.0001,512,64,3,transformer,resnet,False,True,True,True,1,all,1.0,0.1,0,quantile,global,0.5455408753096614,0.5,0.7320809248554914,0.7320809248554914
pmdata,run,clip,300,0.0001,512,64,3,transformer,resnet,False,True,True,True,1,all,1.0,0.1,1,quantile,global,0.5671345995045418,0.5,0.7178777869529314,0.7178777869529314
pmdata,run,clip,300,0.0001,512,64,3,transformer,resnet,False,True,True,True,1,all,1.0,0.1,2,quantile,global,0.5028075970272502,0.5649876135425268,0.7469859620148638,0.7469859620148638
pmdata,run,clip,300,0.0001,512,64,3,transformer,resnet,False,True,True,True,1,all,1.0,0.1,3,quantile,global,0.5602807597027251,0.5,0.7705202312138728,0.7705202312138728
pmdata,run,clip,300,0.0001,512,64,3,transformer,resnet,False,True,True,True,2,all,1.0,0.1,0,quantile,global,0.5572463768115942,0.5,0.7887163561076604,0.7887163561076604
pmdata,run,clip,300,0.0001,512,64,3,transformer,resnet,False,True,True,True,2,all,1.0,0.1,1,quantile,global,0.560351966873706,0.5,0.7765010351966873,0.7765010351966873
pmdata,run,clip,300,0.0001,512,64,3,transformer,resnet,False,True,True,True,2,all,1.0,0.1,2,quantile,global,0.5097308488612837,0.5318840579710145,0.7906832298136647,0.7906832298136647
pmdata,run,clip,300,0.0001,512,64,3,transformer,resnet,False,True,True,True,2,all,1.0,0.1,3,quantile,global,0.546583850931677,0.5,0.7955486542443064,0.7955486542443064
pmdata,run,clip,300,0.0001,512,64,3,transformer,resnet,False,True,True,True,3,all,1.0,0.1,0,quantile,global,0.5652173913043479,0.5,0.6808488612836439,0.6808488612836439
pmdata,run,clip,300,0.0001,512,64,3,transformer,resnet,False,True,True,True,3,all,1.0,0.1,1,quantile,global,0.5384057971014493,0.5,0.7075569358178054,0.7075569358178054
pmdata,run,clip,300,0.0001,512,64,3,transformer,resnet,False,True,True,True,3,all,1.0,0.1,2,quantile,global,0.5055900621118012,0.5590062111801242,0.7715320910973085,0.7715320910973085
pmdata,run,clip,300,0.0001,512,64,3,transformer,resnet,False,True,True,True,3,all,1.0,0.1,3,quantile,global,0.5453416149068324,0.5,0.7475155279503105,0.7475155279503105
pmdata,run,clip,300,0.0001,512,64,3,transformer,resnet,False,True,True,True,4,all,1.0,0.1,0,quantile,global,0.5502551541130842,0.5,0.7423555827719943,0.7423555827719943
pmdata,run,clip,300,0.0001,512,64,3,transformer,resnet,False,True,True,True,4,all,1.0,0.1,1,quantile,global,0.534313125127577,0.5012451520718514,0.751071647274954,0.751071647274954
pmdata,run,clip,300,0.0001,512,64,3,transformer,resnet,False,True,True,True,4,all,1.0,0.1,2,quantile,global,0.5502551541130842,0.565115329659114,0.7622576035925699,0.7622576035925699
pmdata,run,clip,300,0.0001,512,64,3,transformer,resnet,False,True,True,True,4,all,1.0,0.1,3,quantile,global,0.5374362114717289,0.5,0.7442335170442947,0.7442335170442947
pmdata,run,clip,300,0.0001,512,64,3,transformer,resnet,False,True,True,True,0,label,1.0,0.5,0,quantile,global,0.5454489945453065,0.5443906211837499,0.8273630220630138,0.8273630220630138
pmdata,run,clip,300,0.0001,512,64,3,transformer,resnet,False,True,True,True,0,label,1.0,0.5,1,quantile,global,0.5014450867052023,0.5,0.8297036554587641,0.8297036554587641
pmdata,run,clip,300,0.0001,512,64,3,transformer,resnet,False,True,True,True,0,label,1.0,0.5,2,quantile,global,0.5043352601156069,0.5,0.8156191484165106,0.8156191484165106
pmdata,run,clip,300,0.0001,512,64,3,transformer,resnet,False,True,True,True,0,label,1.0,0.5,3,quantile,global,0.5471993812586501,0.5,0.7966498412439957,0.7966498412439957
pmdata,run,clip,300,0.0001,512,64,3,transformer,resnet,False,True,True,True,1,label,1.0,0.5,0,quantile,global,0.5407514450867053,0.5118084227910819,0.7617671345995046,0.7617671345995046
pmdata,run,clip,300,0.0001,512,64,3,transformer,resnet,False,True,True,True,1,label,1.0,0.5,1,quantile,global,0.5146160198183319,0.5,0.7736581337737407,0.7736581337737407
pmdata,run,clip,300,0.0001,512,64,3,transformer,resnet,False,True,True,True,1,label,1.0,0.5,2,quantile,global,0.5099504541701073,0.5,0.8119322873658134,0.8119322873658134
pmdata,run,clip,300,0.0001,512,64,3,transformer,resnet,False,True,True,True,1,label,1.0,0.5,3,quantile,global,0.5451692815854665,0.5142857142857142,0.7609000825763833,0.7609000825763833
pmdata,run,clip,300,0.0001,512,64,3,transformer,resnet,False,True,True,True,2,label,1.0,0.5,0,quantile,global,0.5421325051759834,0.5255693581780538,0.7806418219461697,0.7806418219461697
pmdata,run,clip,300,0.0001,512,64,3,transformer,resnet,False,True,True,True,2,label,1.0,0.5,1,quantile,global,0.5256728778467908,0.5027950310559006,0.7885093167701862,0.7885093167701862
pmdata,run,clip,300,0.0001,512,64,3,transformer,resnet,False,True,True,True,2,label,1.0,0.5,2,quantile,global,0.5070393374741201,0.5,0.8020703933747413,0.8020703933747413
pmdata,run,clip,300,0.0001,512,64,3,transformer,resnet,False,True,True,True,2,label,1.0,0.5,3,quantile,global,0.5162525879917184,0.5,0.7934782608695652,0.7934782608695652
pmdata,run,clip,300,0.0001,512,64,3,transformer,resnet,False,True,True,True,3,label,1.0,0.5,0,quantile,global,0.5592132505175984,0.5153209109730849,0.777432712215321,0.777432712215321
pmdata,run,clip,300,0.0001,512,64,3,transformer,resnet,False,True,True,True,3,label,1.0,0.5,1,quantile,global,0.5174948240165631,0.5,0.7801242236024843,0.7801242236024843
pmdata,run,clip,300,0.0001,512,64,3,transformer,resnet,False,True,True,True,3,label,1.0,0.5,2,quantile,global,0.5012422360248446,0.5,0.7920289855072464,0.7920289855072464
pmdata,run,clip,300,0.0001,512,64,3,transformer,resnet,False,True,True,True,3,label,1.0,0.5,3,quantile,global,0.5113871635610766,0.5,0.7944099378881987,0.7944099378881987
pmdata,run,clip,300,0.0001,512,64,3,transformer,resnet,False,True,True,True,4,label,1.0,0.5,0,quantile,global,0.5522963870177587,0.5129414166156359,0.7448662992447437,0.7448662992447437
pmdata,run,clip,300,0.0001,512,64,3,transformer,resnet,False,True,True,True,4,label,1.0,0.5,1,quantile,global,0.5341498264952032,0.5055929781588079,0.7506634006940192,0.7506634006940192
pmdata,run,clip,300,0.0001,512,64,3,transformer,resnet,False,True,True,True,4,label,1.0,0.5,2,quantile,global,0.5377015717493366,0.5,0.7601755460298021,0.7601755460298021
pmdata,run,clip,300,0.0001,512,64,3,transformer,resnet,False,True,True,True,4,label,1.0,0.5,3,quantile,global,0.5041437027964891,0.5,0.7487854664217187,0.7487854664217187
pmdata,run,clip,300,0.0001,512,64,3,transformer,resnet,False,True,True,True,0,all,1.0,0.5,0,quantile,global,0.5597166815924448,0.5446959211918913,0.8244728486526093,0.8244728486526093
pmdata,run,clip,300,0.0001,512,64,3,transformer,resnet,False,True,True,True,0,all,1.0,0.5,1,quantile,global,0.5568672148497924,0.5,0.8139908817064235,0.8139908817064235
pmdata,run,clip,300,0.0001,512,64,3,transformer,resnet,False,True,True,True,0,all,1.0,0.5,2,quantile,global,0.5279044207441179,0.5,0.8022470080599202,0.8022470080599202
pmdata,run,clip,300,0.0001,512,64,3,transformer,resnet,False,True,True,True,0,all,1.0,0.5,3,quantile,global,0.5609175282911341,0.5,0.7970162012537653,0.7970162012537653
pmdata,run,clip,300,0.0001,512,64,3,transformer,resnet,False,True,True,True,1,all,1.0,0.5,0,quantile,global,0.5407514450867053,0.5072254335260116,0.7661849710982659,0.7661849710982659
pmdata,run,clip,300,0.0001,512,64,3,transformer,resnet,False,True,True,True,1,all,1.0,0.5,1,quantile,global,0.6038810900082576,0.5,0.7465317919075145,0.7465317919075145
pmdata,run,clip,300,0.0001,512,64,3,transformer,resnet,False,True,True,True,1,all,1.0,0.5,2,quantile,global,0.5028075970272502,0.5,0.7665152766308836,0.7665152766308836
pmdata,run,clip,300,0.0001,512,64,3,transformer,resnet,False,True,True,True,1,all,1.0,0.5,3,quantile,global,0.5767960363336087,0.5,0.7437241948802643,0.7437241948802643
pmdata,run,clip,300,0.0001,512,64,3,transformer,resnet,False,True,True,True,2,all,1.0,0.5,0,quantile,global,0.5685300207039338,0.5,0.7807453416149068,0.7807453416149068
pmdata,run,clip,300,0.0001,512,64,3,transformer,resnet,False,True,True,True,2,all,1.0,0.5,1,quantile,global,0.6118012422360248,0.5,0.7787784679089027,0.7787784679089027
pmdata,run,clip,300,0.0001,512,64,3,transformer,resnet,False,True,True,True,2,all,1.0,0.5,2,quantile,global,0.5210144927536231,0.5,0.7950310559006212,0.7950310559006212
pmdata,run,clip,300,0.0001,512,64,3,transformer,resnet,False,True,True,True,2,all,1.0,0.5,3,quantile,global,0.55351966873706,0.5,0.8108695652173913,0.8108695652173913
pmdata,run,clip,300,0.0001,512,64,3,transformer,resnet,False,True,True,True,3,all,1.0,0.5,0,quantile,global,0.5635610766045548,0.5071428571428571,0.7677018633540372,0.7677018633540372
pmdata,run,clip,300,0.0001,512,64,3,transformer,resnet,False,True,True,True,3,all,1.0,0.5,1,quantile,global,0.5738095238095239,0.5,0.7478260869565218,0.7478260869565218
pmdata,run,clip,300,0.0001,512,64,3,transformer,resnet,False,True,True,True,3,all,1.0,0.5,2,quantile,global,0.5055900621118012,0.5,0.7989648033126294,0.7989648033126294
pmdata,run,clip,300,0.0001,512,64,3,transformer,resnet,False,True,True,True,3,all,1.0,0.5,3,quantile,global,0.5595238095238095,0.5,0.7648033126293996,0.7648033126293996
pmdata,run,clip,300,0.0001,512,64,3,transformer,resnet,False,True,True,True,4,all,1.0,0.5,0,quantile,global,0.5597877117779139,0.5105531741171668,0.732639314145744,0.732639314145744
pmdata,run,clip,300,0.0001,512,64,3,transformer,resnet,False,True,True,True,4,all,1.0,0.5,1,quantile,global,0.5359665237803632,0.5,0.7637068789548888,0.7637068789548888
pmdata,run,clip,300,0.0001,512,64,3,transformer,resnet,False,True,True,True,4,all,1.0,0.5,2,quantile,global,0.5209226372729128,0.5,0.7779955092876096,0.7779955092876096
pmdata,run,clip,300,0.0001,512,64,3,transformer,resnet,False,True,True,True,4,all,1.0,0.5,3,quantile,global,0.5413757909777506,0.5,0.7759134517248419,0.7759134517248419
pmdata,run,clip,300,0.0001,512,64,3,transformer,resnet,False,True,True,True,0,label,1.0,1.0,0,quantile,global,0.5561141414963771,0.5095660669217618,0.8333061955548319,0.8333061955548319
pmdata,run,clip,300,0.0001,512,64,3,transformer,resnet,False,True,True,True,0,label,1.0,1.0,1,quantile,global,0.5,0.5160587804282342,0.8309655621590815,0.8309655621590815
pmdata,run,clip,300,0.0001,512,64,3,transformer,resnet,False,True,True,True,0,label,1.0,1.0,2,quantile,global,0.5023406333957502,0.5406456077505495,0.8089229015712773,0.8089229015712773
pmdata,run,clip,300,0.0001,512,64,3,transformer,resnet,False,True,True,True,0,label,1.0,1.0,3,quantile,global,0.5547911747944313,0.5097492469266466,0.793047301147928,0.793047301147928
pmdata,run,clip,300,0.0001,512,64,3,transformer,resnet,False,True,True,True,1,label,1.0,1.0,0,quantile,global,0.5406688687035508,0.5750619322873658,0.8390586292320397,0.8390586292320397
pmdata,run,clip,300,0.0001,512,64,3,transformer,resnet,False,True,True,True,1,label,1.0,1.0,1,quantile,global,0.5159785301403799,0.5013625103220479,0.8209331131296449,0.8209331131296449
pmdata,run,clip,300,0.0001,512,64,3,transformer,resnet,False,True,True,True,1,label,1.0,1.0,2,quantile,global,0.5153179190751446,0.5052436003303056,0.7779108175061932,0.7779108175061932
pmdata,run,clip,300,0.0001,512,64,3,transformer,resnet,False,True,True,True,1,label,1.0,1.0,3,quantile,global,0.5423616845582162,0.5,0.810487200660611,0.810487200660611
pmdata,run,clip,300,0.0001,512,64,3,transformer,resnet,False,True,True,True,2,label,1.0,1.0,0,quantile,global,0.5362318840579711,0.544927536231884,0.8248447204968944,0.8248447204968944
pmdata,run,clip,300,0.0001,512,64,3,transformer,resnet,False,True,True,True,2,label,1.0,1.0,1,quantile,global,0.5233954451345756,0.5006211180124224,0.8202898550724638,0.8202898550724638
pmdata,run,clip,300,0.0001,512,64,3,transformer,resnet,False,True,True,True,2,label,1.0,1.0,2,quantile,global,0.5056935817805384,0.513871635610766,0.810351966873706,0.810351966873706
pmdata,run,clip,300,0.0001,512,64,3,transformer,resnet,False,True,True,True,2,label,1.0,1.0,3,quantile,global,0.5164596273291925,0.5,0.8228778467908903,0.8228778467908903
pmdata,run,clip,300,0.0001,512,64,3,transformer,resnet,False,True,True,True,3,label,1.0,1.0,0,quantile,global,0.5607660455486542,0.5284679089026915,0.7846790890269152,0.7846790890269152
pmdata,run,clip,300,0.0001,512,64,3,transformer,resnet,False,True,True,True,3,label,1.0,1.0,1,quantile,global,0.520496894409938,0.5169772256728778,0.7746376811594203,0.7746376811594203
pmdata,run,clip,300,0.0001,512,64,3,transformer,resnet,False,True,True,True,3,label,1.0,1.0,2,quantile,global,0.5026915113871635,0.5,0.8016563146997929,0.8016563146997929
pmdata,run,clip,300,0.0001,512,64,3,transformer,resnet,False,True,True,True,3,label,1.0,1.0,3,quantile,global,0.5184265010351967,0.5,0.7677018633540372,0.7677018633540372
pmdata,run,clip,300,0.0001,512,64,3,transformer,resnet,False,True,True,True,4,label,1.0,1.0,0,quantile,global,0.5531128801796285,0.5095325576648295,0.8107164727495407,0.8107164727495407
pmdata,run,clip,300,0.0001,512,64,3,transformer,resnet,False,True,True,True,4,label,1.0,1.0,1,quantile,global,0.5310471524800979,0.5444172280057155,0.7833843641559501,0.7833843641559501
pmdata,run,clip,300,0.0001,512,64,3,transformer,resnet,False,True,True,True,4,label,1.0,1.0,2,quantile,global,0.5374974484588693,0.5087364768320065,0.7873035313329251,0.7873035313329251
pmdata,run,clip,300,0.0001,512,64,3,transformer,resnet,False,True,True,True,4,label,1.0,1.0,3,quantile,global,0.5041437027964891,0.5,0.7916513574198816,0.7916513574198816
pmdata,run,clip,300,0.0001,512,64,3,transformer,resnet,False,True,True,True,0,all,1.0,1.0,0,quantile,global,0.5496417813237808,0.5,0.8260807620288203,0.8260807620288203
pmdata,run,clip,300,0.0001,512,64,3,transformer,resnet,False,True,True,True,0,all,1.0,1.0,1,quantile,global,0.5278026540747374,0.511011153626964,0.7971993812586502,0.7971993812586502
pmdata,run,clip,300,0.0001,512,64,3,transformer,resnet,False,True,True,True,0,all,1.0,1.0,2,quantile,global,0.5232842139542457,0.5032565334201743,0.7912358544329561,0.7912358544329561
pmdata,run,clip,300,0.0001,512,64,3,transformer,resnet,False,True,True,True,0,all,1.0,1.0,3,quantile,global,0.5542212814459009,0.5,0.7979321012781894,0.7979321012781894
pmdata,run,clip,300,0.0001,512,64,3,transformer,resnet,False,True,True,True,1,all,1.0,1.0,0,quantile,global,0.5462840627580512,0.5717588769611892,0.8363336085879438,0.8363336085879438
pmdata,run,clip,300,0.0001,512,64,3,transformer,resnet,False,True,True,True,1,all,1.0,1.0,1,quantile,global,0.5601568951279935,0.5127580511973576,0.8082576383154417,0.8082576383154417
pmdata,run,clip,300,0.0001,512,64,3,transformer,resnet,False,True,True,True,1,all,1.0,1.0,2,quantile,global,0.5113129644921552,0.5016102394715111,0.799421965317919,0.799421965317919
pmdata,run,clip,300,0.0001,512,64,3,transformer,resnet,False,True,True,True,1,all,1.0,1.0,3,quantile,global,0.5996696944673823,0.5,0.786581337737407,0.786581337737407
pmdata,run,clip,300,0.0001,512,64,3,transformer,resnet,False,True,True,True,2,all,1.0,1.0,0,quantile,global,0.5417184265010352,0.5,0.8406832298136646,0.8406832298136646
pmdata,run,clip,300,0.0001,512,64,3,transformer,resnet,False,True,True,True,2,all,1.0,1.0,1,quantile,global,0.5661490683229813,0.5042443064182195,0.8146997929606625,0.8146997929606625
pmdata,run,clip,300,0.0001,512,64,3,transformer,resnet,False,True,True,True,2,all,1.0,1.0,2,quantile,global,0.5071428571428571,0.5037267080745341,0.8091097308488613,0.8091097308488613
pmdata,run,clip,300,0.0001,512,64,3,transformer,resnet,False,True,True,True,2,all,1.0,1.0,3,quantile,global,0.5750517598343685,0.5,0.8151138716356109,0.8151138716356109
pmdata,run,clip,300,0.0001,512,64,3,transformer,resnet,False,True,True,True,3,all,1.0,1.0,0,quantile,global,0.5594202898550724,0.5156314699792961,0.7835403726708075,0.7835403726708075
pmdata,run,clip,300,0.0001,512,64,3,transformer,resnet,False,True,True,True,3,all,1.0,1.0,1,quantile,global,0.5369565217391304,0.5226708074534161,0.7562111801242235,0.7562111801242235
pmdata,run,clip,300,0.0001,512,64,3,transformer,resnet,False,True,True,True,3,all,1.0,1.0,2,quantile,global,0.5055900621118012,0.5,0.8092132505175984,0.8092132505175984
pmdata,run,clip,300,0.0001,512,64,3,transformer,resnet,False,True,True,True,3,all,1.0,1.0,3,quantile,global,0.5615942028985508,0.5,0.7351966873706004,0.7351966873706004
pmdata,run,clip,300,0.0001,512,64,3,transformer,resnet,False,True,True,True,4,all,1.0,1.0,0,quantile,global,0.5385588895692998,0.5074913247601551,0.7866911614615228,0.7866911614615228
pmdata,run,clip,300,0.0001,512,64,3,transformer,resnet,False,True,True,True,4,all,1.0,1.0,1,quantile,global,0.5300673606858542,0.5047152480097978,0.7564400898142478,0.7564400898142478
pmdata,run,clip,300,0.0001,512,64,3,transformer,resnet,False,True,True,True,4,all,1.0,1.0,2,quantile,global,0.5225556235966524,0.5101449275362319,0.7777913859971423,0.7777913859971423
pmdata,run,clip,300,0.0001,512,64,3,transformer,resnet,False,True,True,True,4,all,1.0,1.0,3,quantile,global,0.5463359869361094,0.5004286589099816,0.8183710961420697,0.8183710961420697
pmdata,run,simclr,300,0.0001,128,64,3,transformer,resnet,False,True,True,True,0,none,1.0,0.1,0,quantile,global,0.0,0.5012619067003176,0.6894081250508833,0.6894081250508833
pmdata,run,simclr,300,0.0001,128,64,3,transformer,resnet,False,True,True,True,0,none,1.0,0.1,1,quantile,global,0.0,0.540055361068143,0.6894081250508833,0.6894081250508833
pmdata,run,simclr,300,0.0001,128,64,3,transformer,resnet,False,True,True,True,0,none,1.0,0.1,2,quantile,global,0.0,0.5367377676463405,0.7103517056093788,0.7103517056093788
pmdata,run,simclr,300,0.0001,128,64,3,transformer,resnet,False,True,True,True,0,none,1.0,0.1,3,quantile,global,0.0,0.587885695676952,0.6709883578930228,0.6709883578930228
pmdata,run,simclr,300,0.0001,128,64,3,transformer,resnet,False,True,True,True,1,none,1.0,0.1,0,quantile,global,0.0,0.512840627580512,0.6680429397192403,0.6680429397192403
pmdata,run,simclr,300,0.0001,128,64,3,transformer,resnet,False,True,True,True,1,none,1.0,0.1,1,quantile,global,0.0,0.5649050371593723,0.678075970272502,0.678075970272502
pmdata,run,simclr,300,0.0001,128,64,3,transformer,resnet,False,True,True,True,1,none,1.0,0.1,2,quantile,global,0.0,0.5731626754748143,0.669570602807597,0.669570602807597
pmdata,run,simclr,300,0.0001,128,64,3,transformer,resnet,False,True,True,True,1,none,1.0,0.1,3,quantile,global,0.0,0.5535920726672172,0.6480594549958711,0.6480594549958711
pmdata,run,simclr,300,0.0001,128,64,3,transformer,resnet,False,True,True,True,2,none,1.0,0.1,0,quantile,global,0.0,0.5013457556935818,0.7164596273291924,0.7164596273291924
pmdata,run,simclr,300,0.0001,128,64,3,transformer,resnet,False,True,True,True,2,none,1.0,0.1,1,quantile,global,0.0,0.5381987577639751,0.7021739130434782,0.7021739130434782
pmdata,run,simclr,300,0.0001,128,64,3,transformer,resnet,False,True,True,True,2,none,1.0,0.1,2,quantile,global,0.0,0.5406832298136647,0.7078674948240166,0.7078674948240166
pmdata,run,simclr,300,0.0001,128,64,3,transformer,resnet,False,True,True,True,2,none,1.0,0.1,3,quantile,global,0.0,0.5204968944099378,0.7407867494824016,0.7407867494824016
pmdata,run,simclr,300,0.0001,128,64,3,transformer,resnet,False,True,True,True,3,none,1.0,0.1,0,quantile,global,0.0,0.534472049689441,0.6980331262939958,0.6980331262939958
pmdata,run,simclr,300,0.0001,128,64,3,transformer,resnet,False,True,True,True,3,none,1.0,0.1,1,quantile,global,0.0,0.562008281573499,0.6738095238095239,0.6738095238095239
pmdata,run,simclr,300,0.0001,128,64,3,transformer,resnet,False,True,True,True,3,none,1.0,0.1,2,quantile,global,0.0,0.5185300207039337,0.6664596273291925,0.6664596273291925
pmdata,run,simclr,300,0.0001,128,64,3,transformer,resnet,False,True,True,True,3,none,1.0,0.1,3,quantile,global,0.0,0.5185300207039337,0.6892339544513458,0.6892339544513458
pmdata,run,simclr,300,0.0001,128,64,3,transformer,resnet,False,True,True,True,4,none,1.0,0.1,0,quantile,global,0.0,0.5140845070422535,0.6694427434170238,0.6694427434170238
pmdata,run,simclr,300,0.0001,128,64,3,transformer,resnet,False,True,True,True,4,none,1.0,0.1,1,quantile,global,0.0,0.5356603388446621,0.692018779342723,0.692018779342723
pmdata,run,simclr,300,0.0001,128,64,3,transformer,resnet,False,True,True,True,4,none,1.0,0.1,2,quantile,global,0.0,0.5140845070422535,0.6423147581139007,0.6423147581139007
pmdata,run,simclr,300,0.0001,128,64,3,transformer,resnet,False,True,True,True,4,none,1.0,0.1,3,quantile,global,0.0,0.5704429475403144,0.6638497652582159,0.6638497652582159
pmdata,run,simclr,300,0.0001,128,64,3,transformer,resnet,False,True,True,True,0,none,1.0,0.5,0,quantile,global,0.0,0.5041520801107221,0.7098021655947244,0.7098021655947244
pmdata,run,simclr,300,0.0001,128,64,3,transformer,resnet,False,True,True,True,0,none,1.0,0.5,1,quantile,global,0.0,0.5371651876577384,0.7047545387934544,0.7047545387934544
pmdata,run,simclr,300,0.0001,128,64,3,transformer,resnet,False,True,True,True,0,none,1.0,0.5,2,quantile,global,0.0,0.5425181144671497,0.6906700317512009,0.6906700317512009
pmdata,run,simclr,300,0.0001,128,64,3,transformer,resnet,False,True,True,True,0,none,1.0,0.5,3,quantile,global,0.0,0.5849955222665473,0.7246193926565172,0.7246193926565172
pmdata,run,simclr,300,0.0001,128,64,3,transformer,resnet,False,True,True,True,1,none,1.0,0.5,0,quantile,global,0.0,0.5071428571428571,0.7280759702725019,0.7280759702725019
pmdata,run,simclr,300,0.0001,128,64,3,transformer,resnet,False,True,True,True,1,none,1.0,0.5,1,quantile,global,0.0,0.5593724194880264,0.69822460776218,0.69822460776218
pmdata,run,simclr,300,0.0001,128,64,3,transformer,resnet,False,True,True,True,1,none,1.0,0.5,2,quantile,global,0.0,0.5760528488852188,0.7024772914946326,0.7024772914946326
pmdata,run,simclr,300,0.0001,128,64,3,transformer,resnet,False,True,True,True,1,none,1.0,0.5,3,quantile,global,0.0,0.5559042113955409,0.6938893476465731,0.6938893476465731
pmdata,run,simclr,300,0.0001,128,64,3,transformer,resnet,False,True,True,True,2,none,1.0,0.5,0,quantile,global,0.0,0.5,0.7394409937888199,0.7394409937888199
pmdata,run,simclr,300,0.0001,128,64,3,transformer,resnet,False,True,True,True,2,none,1.0,0.5,1,quantile,global,0.0,0.5397515527950311,0.7279503105590062,0.7279503105590062
pmdata,run,simclr,300,0.0001,128,64,3,transformer,resnet,False,True,True,True,2,none,1.0,0.5,2,quantile,global,0.0,0.5423395445134576,0.7195652173913044,0.7195652173913044
pmdata,run,simclr,300,0.0001,128,64,3,transformer,resnet,False,True,True,True,2,none,1.0,0.5,3,quantile,global,0.0,0.513768115942029,0.6952380952380952,0.6952380952380952
pmdata,run,simclr,300,0.0001,128,64,3,transformer,resnet,False,True,True,True,3,none,1.0,0.5,0,quantile,global,0.0,0.5287784679089027,0.6922360248447206,0.6922360248447206
pmdata,run,simclr,300,0.0001,128,64,3,transformer,resnet,False,True,True,True,3,none,1.0,0.5,1,quantile,global,0.0,0.5678053830227744,0.6807453416149067,0.6807453416149067
pmdata,run,simclr,300,0.0001,128,64,3,transformer,resnet,False,True,True,True,3,none,1.0,0.5,2,quantile,global,0.0,0.5071428571428571,0.6765010351966874,0.6765010351966874
pmdata,run,simclr,300,0.0001,128,64,3,transformer,resnet,False,True,True,True,3,none,1.0,0.5,3,quantile,global,0.0,0.5185300207039337,0.7165631469979294,0.7165631469979294
pmdata,run,simclr,300,0.0001,128,64,3,transformer,resnet,False,True,True,True,4,none,1.0,0.5,0,quantile,global,0.0,0.5041437027964891,0.6468667074913248,0.6468667074913248
pmdata,run,simclr,300,0.0001,128,64,3,transformer,resnet,False,True,True,True,4,none,1.0,0.5,1,quantile,global,0.0,0.5271688099612165,0.6369259032455603,0.6369259032455603
pmdata,run,simclr,300,0.0001,128,64,3,transformer,resnet,False,True,True,True,4,none,1.0,0.5,2,quantile,global,0.0,0.5140845070422535,0.6597060624617269,0.6597060624617269
pmdata,run,simclr,300,0.0001,128,64,3,transformer,resnet,False,True,True,True,4,none,1.0,0.5,3,quantile,global,0.0,0.5677485201061441,0.6495611349254949,0.6495611349254949
pmdata,run,simclr,300,0.0001,128,64,3,transformer,resnet,False,True,True,True,0,none,1.0,1.0,0,quantile,global,0.0,0.5055971668159244,0.7441178865098104,0.7441178865098104
pmdata,run,simclr,300,0.0001,128,64,3,transformer,resnet,False,True,True,True,0,none,1.0,1.0,1,quantile,global,0.0,0.5317512008466987,0.7387038996987707,0.7387038996987707
pmdata,run,simclr,300,0.0001,128,64,3,transformer,resnet,False,True,True,True,0,none,1.0,1.0,2,quantile,global,0.0,0.5526337214035659,0.7414108931042905,0.7414108931042905
pmdata,run,simclr,300,0.0001,128,64,3,transformer,resnet,False,True,True,True,0,none,1.0,1.0,3,quantile,global,0.0,0.6007082960188879,0.7558617601563137,0.7558617601563137
pmdata,run,simclr,300,0.0001,128,64,3,transformer,resnet,False,True,True,True,1,none,1.0,1.0,0,quantile,global,0.0,0.5214285714285715,0.7724607762180017,0.7724607762180017
pmdata,run,simclr,300,0.0001,128,64,3,transformer,resnet,False,True,True,True,1,none,1.0,1.0,1,quantile,global,0.0,0.5732452518579686,0.8023947151114781,0.8023947151114781
pmdata,run,simclr,300,0.0001,128,64,3,transformer,resnet,False,True,True,True,1,none,1.0,1.0,2,quantile,global,0.0,0.5632122213047068,0.7725433526011561,0.7725433526011561
pmdata,run,simclr,300,0.0001,128,64,3,transformer,resnet,False,True,True,True,1,none,1.0,1.0,3,quantile,global,0.0,0.5574318744838975,0.7538398018166804,0.7538398018166804
pmdata,run,simclr,300,0.0001,128,64,3,transformer,resnet,False,True,True,True,2,none,1.0,1.0,0,quantile,global,0.0,0.5,0.7752587991718426,0.7752587991718426
pmdata,run,simclr,300,0.0001,128,64,3,transformer,resnet,False,True,True,True,2,none,1.0,1.0,1,quantile,global,0.0,0.5383022774327122,0.7222567287784679,0.7222567287784679
pmdata,run,simclr,300,0.0001,128,64,3,transformer,resnet,False,True,True,True,2,none,1.0,1.0,2,quantile,global,0.0,0.5457556935817806,0.7623188405797102,0.7623188405797102
pmdata,run,simclr,300,0.0001,128,64,3,transformer,resnet,False,True,True,True,2,none,1.0,1.0,3,quantile,global,0.0,0.5116977225672878,0.738095238095238,0.738095238095238
pmdata,run,simclr,300,0.0001,128,64,3,transformer,resnet,False,True,True,True,3,none,1.0,1.0,0,quantile,global,0.0,0.5245341614906833,0.7111801242236024,0.7111801242236024
pmdata,run,simclr,300,0.0001,128,64,3,transformer,resnet,False,True,True,True,3,none,1.0,1.0,1,quantile,global,0.0,0.5564182194616977,0.6796066252587992,0.6796066252587992
pmdata,run,simclr,300,0.0001,128,64,3,transformer,resnet,False,True,True,True,3,none,1.0,1.0,2,quantile,global,0.0,0.5006211180124224,0.7123188405797102,0.7123188405797102
pmdata,run,simclr,300,0.0001,128,64,3,transformer,resnet,False,True,True,True,3,none,1.0,1.0,3,quantile,global,0.0,0.5185300207039337,0.6994824016563147,0.6994824016563147
pmdata,run,simclr,300,0.0001,128,64,3,transformer,resnet,False,True,True,True,4,none,1.0,1.0,0,quantile,global,0.0,0.5018779342723004,0.7046540110226577,0.7046540110226577
pmdata,run,simclr,300,0.0001,128,64,3,transformer,resnet,False,True,True,True,4,none,1.0,1.0,1,quantile,global,0.0,0.5327617881200245,0.7230863441518677,0.7230863441518677
pmdata,run,simclr,300,0.0001,128,64,3,transformer,resnet,False,True,True,True,4,none,1.0,1.0,2,quantile,global,0.0,0.509736680955297,0.7330271483976322,0.7330271483976322
pmdata,run,simclr,300,0.0001,128,64,3,transformer,resnet,False,True,True,True,4,none,1.0,1.0,3,quantile,global,0.0,0.573341498264952,0.7286793223106756,0.7286793223106756
pmdata,run,byol,300,0.0001,128,64,3,transformer,resnet,False,True,True,True,0,none,1.0,0.1,0,quantile,global,0.0,0.5140845070422535,0.7157656924204184,0.7157656924204184
pmdata,run,byol,300,0.0001,128,64,3,transformer,resnet,False,True,True,True,0,none,1.0,0.1,1,quantile,global,0.0,0.6171334364568917,0.7246193926565172,0.7246193926565172
pmdata,run,byol,300,0.0001,128,64,3,transformer,resnet,False,True,True,True,0,none,1.0,0.1,2,quantile,global,0.0,0.5221037205894326,0.6959008385573556,0.6959008385573556
pmdata,run,byol,300,0.0001,128,64,3,transformer,resnet,False,True,True,True,0,none,1.0,0.1,3,quantile,global,0.0,0.521981600586176,0.7047545387934544,0.7047545387934544
pmdata,run,byol,300,0.0001,128,64,3,transformer,resnet,False,True,True,True,1,none,1.0,0.1,0,quantile,global,0.0,0.5324112303881089,0.7109826589595375,0.7109826589595375
pmdata,run,byol,300,0.0001,128,64,3,transformer,resnet,False,True,True,True,1,none,1.0,0.1,1,quantile,global,0.0,0.5456647398843931,0.6853014037985137,0.6853014037985137
pmdata,run,byol,300,0.0001,128,64,3,transformer,resnet,False,True,True,True,1,none,1.0,0.1,2,quantile,global,0.0,0.5399669694467383,0.6966143682906689,0.6966143682906689
pmdata,run,byol,300,0.0001,128,64,3,transformer,resnet,False,True,True,True,1,none,1.0,0.1,3,quantile,global,0.0,0.514244426094137,0.6479768786127167,0.6479768786127167
pmdata,run,byol,300,0.0001,128,64,3,transformer,resnet,False,True,True,True,2,none,1.0,0.1,0,quantile,global,0.0,0.5142857142857142,0.7395445134575568,0.7395445134575568
pmdata,run,byol,300,0.0001,128,64,3,transformer,resnet,False,True,True,True,2,none,1.0,0.1,1,quantile,global,0.0,0.5717391304347826,0.7378881987577639,0.7378881987577639
pmdata,run,byol,300,0.0001,128,64,3,transformer,resnet,False,True,True,True,2,none,1.0,0.1,2,quantile,global,0.0,0.5450310559006212,0.7092132505175983,0.7092132505175983
pmdata,run,byol,300,0.0001,128,64,3,transformer,resnet,False,True,True,True,2,none,1.0,0.1,3,quantile,global,0.0,0.5027950310559006,0.7336438923395445,0.7336438923395445
pmdata,run,byol,300,0.0001,128,64,3,transformer,resnet,False,True,True,True,3,none,1.0,0.1,0,quantile,global,0.0,0.5199792960662527,0.672256728778468,0.672256728778468
pmdata,run,byol,300,0.0001,128,64,3,transformer,resnet,False,True,True,True,3,none,1.0,0.1,1,quantile,global,0.0,0.5255693581780538,0.6651138716356109,0.6651138716356109
pmdata,run,byol,300,0.0001,128,64,3,transformer,resnet,False,True,True,True,3,none,1.0,0.1,2,quantile,global,0.0,0.5,0.6849896480331263,0.6849896480331263
pmdata,run,byol,300,0.0001,128,64,3,transformer,resnet,False,True,True,True,3,none,1.0,0.1,3,quantile,global,0.0,0.5,0.7150103519668738,0.7150103519668738
pmdata,run,byol,300,0.0001,128,64,3,transformer,resnet,False,True,True,True,4,none,1.0,0.1,0,quantile,global,0.0,0.5406001224739743,0.6708920187793427,0.6708920187793427
pmdata,run,byol,300,0.0001,128,64,3,transformer,resnet,False,True,True,True,4,none,1.0,0.1,1,quantile,global,0.0,0.5514390691977955,0.6284343743621147,0.6284343743621147
pmdata,run,byol,300,0.0001,128,64,3,transformer,resnet,False,True,True,True,4,none,1.0,0.1,2,quantile,global,0.0,0.5,0.6976117575015309,0.6976117575015309
pmdata,run,byol,300,0.0001,128,64,3,transformer,resnet,False,True,True,True,4,none,1.0,0.1,3,quantile,global,0.0,0.5070422535211268,0.6849765258215963,0.6849765258215963
pmdata,run,byol,300,0.0001,128,64,3,transformer,resnet,False,True,True,True,0,none,1.0,0.5,0,quantile,global,0.0,0.5140845070422535,0.7766221607099243,0.7766221607099243
pmdata,run,byol,300,0.0001,128,64,3,transformer,resnet,False,True,True,True,0,none,1.0,0.5,1,quantile,global,0.0,0.6171334364568917,0.7513433200358219,0.7513433200358219
pmdata,run,byol,300,0.0001,128,64,3,transformer,resnet,False,True,True,True,0,none,1.0,0.5,2,quantile,global,0.0,0.5371448343238622,0.7105348856142637,0.7105348856142637
pmdata,run,byol,300,0.0001,128,64,3,transformer,resnet,False,True,True,True,0,none,1.0,0.5,3,quantile,global,0.0,0.5078970935439225,0.7358137262883659,0.7358137262883659
pmdata,run,byol,300,0.0001,128,64,3,transformer,resnet,False,True,True,True,1,none,1.0,0.5,0,quantile,global,0.0,0.5338563170933113,0.7367464905037159,0.7367464905037159
pmdata,run,byol,300,0.0001,128,64,3,transformer,resnet,False,True,True,True,1,none,1.0,0.5,1,quantile,global,0.0,0.5427745664739885,0.7511147811725848,0.7511147811725848
pmdata,run,byol,300,0.0001,128,64,3,transformer,resnet,False,True,True,True,1,none,1.0,0.5,2,quantile,global,0.0,0.5400495458298926,0.7210982658959538,0.7210982658959538
pmdata,run,byol,300,0.0001,128,64,3,transformer,resnet,False,True,True,True,1,none,1.0,0.5,3,quantile,global,0.0,0.5156895127993394,0.6881090008257639,0.6881090008257639
pmdata,run,byol,300,0.0001,128,64,3,transformer,resnet,False,True,True,True,2,none,1.0,0.5,0,quantile,global,0.0,0.5195652173913045,0.7108695652173913,0.7108695652173913
pmdata,run,byol,300,0.0001,128,64,3,transformer,resnet,False,True,True,True,2,none,1.0,0.5,1,quantile,global,0.0,0.5717391304347826,0.7381987577639751,0.7381987577639751
pmdata,run,byol,300,0.0001,128,64,3,transformer,resnet,False,True,True,True,2,none,1.0,0.5,2,quantile,global,0.0,0.5450310559006212,0.7222567287784679,0.7222567287784679
pmdata,run,byol,300,0.0001,128,64,3,transformer,resnet,False,True,True,True,2,none,1.0,0.5,3,quantile,global,0.0,0.5027950310559006,0.7251552795031055,0.7251552795031055
pmdata,run,byol,300,0.0001,128,64,3,transformer,resnet,False,True,True,True,3,none,1.0,0.5,0,quantile,global,0.0,0.5185300207039337,0.6992753623188406,0.6992753623188406
pmdata,run,byol,300,0.0001,128,64,3,transformer,resnet,False,True,True,True,3,none,1.0,0.5,1,quantile,global,0.0,0.5247412008281573,0.6682194616977225,0.6682194616977225
pmdata,run,byol,300,0.0001,128,64,3,transformer,resnet,False,True,True,True,3,none,1.0,0.5,2,quantile,global,0.0,0.5001035196687371,0.7094202898550723,0.7094202898550723
pmdata,run,byol,300,0.0001,128,64,3,transformer,resnet,False,True,True,True,3,none,1.0,0.5,3,quantile,global,0.0,0.5,0.7010351966873706,0.7010351966873706
pmdata,run,byol,300,0.0001,128,64,3,transformer,resnet,False,True,True,True,4,none,1.0,0.5,0,quantile,global,0.0,0.5265156154317208,0.6286384976525822,0.6286384976525822
pmdata,run,byol,300,0.0001,128,64,3,transformer,resnet,False,True,True,True,4,none,1.0,0.5,1,quantile,global,0.0,0.5528883445601144,0.6537048377219842,0.6537048377219842
pmdata,run,byol,300,0.0001,128,64,3,transformer,resnet,False,True,True,True,4,none,1.0,0.5,2,quantile,global,0.0,0.5211267605633803,0.6787711777913861,0.6787711777913861
pmdata,run,byol,300,0.0001,128,64,3,transformer,resnet,False,True,True,True,4,none,1.0,0.5,3,quantile,global,0.0,0.5022861808532353,0.6862216778934477,0.6862216778934477
pmdata,run,byol,300,0.0001,128,64,3,transformer,resnet,False,True,True,True,0,none,1.0,1.0,0,quantile,global,0.0,0.5352112676056338,0.7681348204835953,0.7681348204835953
pmdata,run,byol,300,0.0001,128,64,3,transformer,resnet,False,True,True,True,0,none,1.0,1.0,1,quantile,global,0.0,0.6214686965724987,0.7865545876414557,0.7865545876414557
pmdata,run,byol,300,0.0001,128,64,3,transformer,resnet,False,True,True,True,0,none,1.0,1.0,2,quantile,global,0.0,0.539627941056745,0.7329235528779614,0.7329235528779614
pmdata,run,byol,300,0.0001,128,64,3,transformer,resnet,False,True,True,True,0,none,1.0,1.0,3,quantile,global,0.0,0.5107872669543272,0.755495400146544,0.755495400146544
pmdata,run,byol,300,0.0001,128,64,3,transformer,resnet,False,True,True,True,1,none,1.0,1.0,0,quantile,global,0.0,0.5353014037985137,0.7825763831544178,0.7825763831544178
pmdata,run,byol,300,0.0001,128,64,3,transformer,resnet,False,True,True,True,1,none,1.0,1.0,1,quantile,global,0.0,0.5442196531791909,0.7538398018166804,0.7538398018166804
pmdata,run,byol,300,0.0001,128,64,3,transformer,resnet,False,True,True,True,1,none,1.0,1.0,2,quantile,global,0.0,0.5342691990090833,0.7810487200660611,0.7810487200660611
pmdata,run,byol,300,0.0001,128,64,3,transformer,resnet,False,True,True,True,1,none,1.0,1.0,3,quantile,global,0.0,0.5200247729149463,0.7524772914946325,0.7524772914946325
pmdata,run,byol,300,0.0001,128,64,3,transformer,resnet,False,True,True,True,2,none,1.0,1.0,0,quantile,global,0.0,0.5195652173913045,0.7437888198757764,0.7437888198757764
pmdata,run,byol,300,0.0001,128,64,3,transformer,resnet,False,True,True,True,2,none,1.0,1.0,1,quantile,global,0.0,0.577536231884058,0.7325051759834369,0.7325051759834369
pmdata,run,byol,300,0.0001,128,64,3,transformer,resnet,False,True,True,True,2,none,1.0,1.0,2,quantile,global,0.0,0.5508281573498965,0.7306418219461698,0.7306418219461698
pmdata,run,byol,300,0.0001,128,64,3,transformer,resnet,False,True,True,True,2,none,1.0,1.0,3,quantile,global,0.0,0.5070393374741201,0.746583850931677,0.746583850931677
pmdata,run,byol,300,0.0001,128,64,3,transformer,resnet,False,True,True,True,3,none,1.0,1.0,0,quantile,global,0.0,0.5199792960662527,0.7238095238095238,0.7238095238095238
pmdata,run,byol,300,0.0001,128,64,3,transformer,resnet,False,True,True,True,3,none,1.0,1.0,1,quantile,global,0.0,0.5314699792960662,0.7110766045548655,0.7110766045548655
pmdata,run,byol,300,0.0001,128,64,3,transformer,resnet,False,True,True,True,3,none,1.0,1.0,2,quantile,global,0.0,0.5,0.7024844720496893,0.7024844720496893
pmdata,run,byol,300,0.0001,128,64,3,transformer,resnet,False,True,True,True,3,none,1.0,1.0,3,quantile,global,0.0,0.5,0.7124223602484473,0.7124223602484473
pmdata,run,byol,300,0.0001,128,64,3,transformer,resnet,False,True,True,True,4,none,1.0,1.0,0,quantile,global,0.0,0.5265156154317208,0.7174933659930598,0.7174933659930598
pmdata,run,byol,300,0.0001,128,64,3,transformer,resnet,False,True,True,True,4,none,1.0,1.0,1,quantile,global,0.0,0.552031026740151,0.7353133292508676,0.7353133292508676
pmdata,run,byol,300,0.0001,128,64,3,transformer,resnet,False,True,True,True,4,none,1.0,1.0,2,quantile,global,0.0,0.5,0.7102469891814656,0.7102469891814656
pmdata,run,byol,300,0.0001,128,64,3,transformer,resnet,False,True,True,True,4,none,1.0,1.0,3,quantile,global,0.0,0.505184731577873,0.7257807715860379,0.7257807715860379
pmdata,run,leaves,300,0.0001,128,64,3,transformer,resnet,False,True,True,True,0,none,1.0,0.1,0,quantile,global,0.0,0.5088333469022227,0.6776642514043801,0.6776642514043801
pmdata,run,leaves,300,0.0001,128,64,3,transformer,resnet,False,True,True,True,0,none,1.0,0.1,1,quantile,global,0.0,0.5248717739965807,0.7031262720833673,0.7031262720833673
pmdata,run,leaves,300,0.0001,128,64,3,transformer,resnet,False,True,True,True,0,none,1.0,0.1,2,quantile,global,0.0,0.5291663274444354,0.7170275991207359,0.7170275991207359
pmdata,run,leaves,300,0.0001,128,64,3,transformer,resnet,False,True,True,True,0,none,1.0,0.1,3,quantile,global,0.0,0.5469144345843849,0.7130586990148986,0.7130586990148986
pmdata,run,leaves,300,0.0001,128,64,3,transformer,resnet,False,True,True,True,1,none,1.0,0.1,0,quantile,global,0.0,0.5240297274979356,0.7251857968620974,0.7251857968620974
pmdata,run,leaves,300,0.0001,128,64,3,transformer,resnet,False,True,True,True,1,none,1.0,0.1,1,quantile,global,0.0,0.5175474814203138,0.7066473988439307,0.7066473988439307
pmdata,run,leaves,300,0.0001,128,64,3,transformer,resnet,False,True,True,True,1,none,1.0,0.1,2,quantile,global,0.0,0.5141205615194054,0.7280759702725019,0.7280759702725019
pmdata,run,leaves,300,0.0001,128,64,3,transformer,resnet,False,True,True,True,1,none,1.0,0.1,3,quantile,global,0.0,0.5324938067712633,0.6807184145334435,0.6807184145334435
pmdata,run,leaves,300,0.0001,128,64,3,transformer,resnet,False,True,True,True,2,none,1.0,0.1,0,quantile,global,0.0,0.5262939958592132,0.7335403726708075,0.7335403726708075
pmdata,run,leaves,300,0.0001,128,64,3,transformer,resnet,False,True,True,True,2,none,1.0,0.1,1,quantile,global,0.0,0.5559006211180124,0.7479296066252589,0.7479296066252589
pmdata,run,leaves,300,0.0001,128,64,3,transformer,resnet,False,True,True,True,2,none,1.0,0.1,2,quantile,global,0.0,0.562215320910973,0.7265010351966873,0.7265010351966873
pmdata,run,leaves,300,0.0001,128,64,3,transformer,resnet,False,True,True,True,2,none,1.0,0.1,3,quantile,global,0.0,0.5492753623188406,0.7750517598343685,0.7750517598343685
pmdata,run,leaves,300,0.0001,128,64,3,transformer,resnet,False,True,True,True,3,none,1.0,0.1,0,quantile,global,0.0,0.5071428571428571,0.6663561076604555,0.6663561076604555
pmdata,run,leaves,300,0.0001,128,64,3,transformer,resnet,False,True,True,True,3,none,1.0,0.1,1,quantile,global,0.0,0.5624223602484472,0.6866459627329192,0.6866459627329192
pmdata,run,leaves,300,0.0001,128,64,3,transformer,resnet,False,True,True,True,3,none,1.0,0.1,2,quantile,global,0.0,0.589855072463768,0.7021739130434782,0.7021739130434782
pmdata,run,leaves,300,0.0001,128,64,3,transformer,resnet,False,True,True,True,3,none,1.0,0.1,3,quantile,global,0.0,0.5752587991718426,0.6905797101449275,0.6905797101449275
pmdata,run,leaves,300,0.0001,128,64,3,transformer,resnet,False,True,True,True,4,none,1.0,0.1,0,quantile,global,0.0,0.5185139824453969,0.7056950398040417,0.7056950398040417
pmdata,run,leaves,300,0.0001,128,64,3,transformer,resnet,False,True,True,True,4,none,1.0,0.1,1,quantile,global,0.0,0.5429067156562564,0.6733823229230455,0.6733823229230455
pmdata,run,leaves,300,0.0001,128,64,3,transformer,resnet,False,True,True,True,4,none,1.0,0.1,2,quantile,global,0.0,0.5274954072259646,0.6735864462135129,0.6735864462135129
pmdata,run,leaves,300,0.0001,128,64,3,transformer,resnet,False,True,True,True,4,none,1.0,0.1,3,quantile,global,0.0,0.5259236578893651,0.6452133088385384,0.6452133088385384
pmdata,run,leaves,300,0.0001,128,64,3,transformer,resnet,False,True,True,True,0,none,1.0,0.5,0,quantile,global,0.0,0.5012619067003176,0.7047545387934544,0.7047545387934544
pmdata,run,leaves,300,0.0001,128,64,3,transformer,resnet,False,True,True,True,0,none,1.0,0.5,1,quantile,global,0.0,0.5070422535211268,0.7340022795733941,0.7340022795733941
pmdata,run,leaves,300,0.0001,128,64,3,transformer,resnet,False,True,True,True,0,none,1.0,0.5,2,quantile,global,0.0,0.547606447936172,0.7103517056093788,0.7103517056093788
pmdata,run,leaves,300,0.0001,128,64,3,transformer,resnet,False,True,True,True,0,none,1.0,0.5,3,quantile,global,0.0,0.5337051208988032,0.7395994463893186,0.7395994463893186
pmdata,run,leaves,300,0.0001,128,64,3,transformer,resnet,False,True,True,True,1,none,1.0,0.5,0,quantile,global,0.0,0.5143270024772915,0.7152353426919901,0.7152353426919901
pmdata,run,leaves,300,0.0001,128,64,3,transformer,resnet,False,True,True,True,1,none,1.0,0.5,1,quantile,global,0.0,0.5,0.7224607762180016,0.7224607762180016
pmdata,run,leaves,300,0.0001,128,64,3,transformer,resnet,False,True,True,True,1,none,1.0,0.5,2,quantile,global,0.0,0.5042526837324525,0.7638728323699423,0.7638728323699423
pmdata,run,leaves,300,0.0001,128,64,3,transformer,resnet,False,True,True,True,1,none,1.0,0.5,3,quantile,global,0.0,0.5280759702725021,0.7524772914946325,0.7524772914946325
pmdata,run,leaves,300,0.0001,128,64,3,transformer,resnet,False,True,True,True,2,none,1.0,0.5,0,quantile,global,0.0,0.5177018633540373,0.7250517598343684,0.7250517598343684
pmdata,run,leaves,300,0.0001,128,64,3,transformer,resnet,False,True,True,True,2,none,1.0,0.5,1,quantile,global,0.0,0.544927536231884,0.746687370600414,0.746687370600414
pmdata,run,leaves,300,0.0001,128,64,3,transformer,resnet,False,True,True,True,2,none,1.0,0.5,2,quantile,global,0.0,0.5534161490683229,0.7378881987577639,0.7378881987577639
pmdata,run,leaves,300,0.0001,128,64,3,transformer,resnet,False,True,True,True,2,none,1.0,0.5,3,quantile,global,0.0,0.5340579710144927,0.7709109730848862,0.7709109730848862
pmdata,run,leaves,300,0.0001,128,64,3,transformer,resnet,False,True,True,True,3,none,1.0,0.5,0,quantile,global,0.0,0.5,0.6991718426501036,0.6991718426501036
pmdata,run,leaves,300,0.0001,128,64,3,transformer,resnet,False,True,True,True,3,none,1.0,0.5,1,quantile,global,0.0,0.5688405797101449,0.7307453416149069,0.7307453416149069
pmdata,run,leaves,300,0.0001,128,64,3,transformer,resnet,False,True,True,True,3,none,1.0,0.5,2,quantile,global,0.0,0.6005175983436853,0.7152173913043478,0.7152173913043478
pmdata,run,leaves,300,0.0001,128,64,3,transformer,resnet,False,True,True,True,3,none,1.0,0.5,3,quantile,global,0.0,0.5833333333333334,0.7292960662525881,0.7292960662525881
pmdata,run,leaves,300,0.0001,128,64,3,transformer,resnet,False,True,True,True,4,none,1.0,0.5,0,quantile,global,0.0,0.5,0.6599101857521943,0.6599101857521943
pmdata,run,leaves,300,0.0001,128,64,3,transformer,resnet,False,True,True,True,4,none,1.0,0.5,1,quantile,global,0.0,0.5507654623392528,0.677730149010002,0.677730149010002
pmdata,run,leaves,300,0.0001,128,64,3,transformer,resnet,False,True,True,True,4,none,1.0,0.5,2,quantile,global,0.0,0.5247193304756073,0.6762808736476832,0.6762808736476832
pmdata,run,leaves,300,0.0001,128,64,3,transformer,resnet,False,True,True,True,4,none,1.0,0.5,3,quantile,global,0.0,0.5292508675239845,0.6947132067768932,0.6947132067768932
pmdata,run,leaves,300,0.0001,128,64,3,transformer,resnet,False,True,True,True,0,none,1.0,1.0,0,quantile,global,0.0,0.5106447936171944,0.6852560449401611,0.6852560449401611
pmdata,run,leaves,300,0.0001,128,64,3,transformer,resnet,False,True,True,True,0,none,1.0,1.0,1,quantile,global,0.0,0.5126394203370511,0.7116136123096963,0.7116136123096963
pmdata,run,leaves,300,0.0001,128,64,3,transformer,resnet,False,True,True,True,0,none,1.0,1.0,2,quantile,global,0.0,0.5307945941545225,0.734185459578279,0.734185459578279
pmdata,run,leaves,300,0.0001,128,64,3,transformer,resnet,False,True,True,True,0,none,1.0,1.0,3,quantile,global,0.0,0.5409712610925669,0.747008059920215,0.747008059920215
pmdata,run,leaves,300,0.0001,128,64,3,transformer,resnet,False,True,True,True,1,none,1.0,1.0,0,quantile,global,0.0,0.5090421139554088,0.752559867877787,0.752559867877787
pmdata,run,leaves,300,0.0001,128,64,3,transformer,resnet,False,True,True,True,1,none,1.0,1.0,1,quantile,global,0.0,0.520355078447564,0.7652353426919901,0.7652353426919901
pmdata,run,leaves,300,0.0001,128,64,3,transformer,resnet,False,True,True,True,1,none,1.0,1.0,2,quantile,global,0.0,0.5170933113129645,0.7595375722543354,0.7595375722543354
pmdata,run,leaves,300,0.0001,128,64,3,transformer,resnet,False,True,True,True,1,none,1.0,1.0,3,quantile,global,0.0,0.5369942196531793,0.7681255161023948,0.7681255161023948
pmdata,run,leaves,300,0.0001,128,64,3,transformer,resnet,False,True,True,True,2,none,1.0,1.0,0,quantile,global,0.0,0.5118012422360249,0.7210144927536232,0.7210144927536232
pmdata,run,leaves,300,0.0001,128,64,3,transformer,resnet,False,True,True,True,2,none,1.0,1.0,1,quantile,global,0.0,0.5474120082815734,0.746583850931677,0.746583850931677
pmdata,run,leaves,300,0.0001,128,64,3,transformer,resnet,False,True,True,True,2,none,1.0,1.0,2,quantile,global,0.0,0.560351966873706,0.7509316770186334,0.7509316770186334
pmdata,run,leaves,300,0.0001,128,64,3,transformer,resnet,False,True,True,True,2,none,1.0,1.0,3,quantile,global,0.0,0.5509316770186335,0.746376811594203,0.746376811594203
pmdata,run,leaves,300,0.0001,128,64,3,transformer,resnet,False,True,True,True,3,none,1.0,1.0,0,quantile,global,0.0,0.5013457556935818,0.7108695652173913,0.7108695652173913
pmdata,run,leaves,300,0.0001,128,64,3,transformer,resnet,False,True,True,True,3,none,1.0,1.0,1,quantile,global,0.0,0.5492753623188406,0.7153209109730849,0.7153209109730849
pmdata,run,leaves,300,0.0001,128,64,3,transformer,resnet,False,True,True,True,3,none,1.0,1.0,2,quantile,global,0.0,0.5787784679089026,0.7324016563146998,0.7324016563146998
pmdata,run,leaves,300,0.0001,128,64,3,transformer,resnet,False,True,True,True,3,none,1.0,1.0,3,quantile,global,0.0,0.5859213250517598,0.7010351966873706,0.7010351966873706
pmdata,run,leaves,300,0.0001,128,64,3,transformer,resnet,False,True,True,True,4,none,1.0,1.0,0,quantile,global,0.0,0.503592569912227,0.7203919167176974,0.7203919167176974
pmdata,run,leaves,300,0.0001,128,64,3,transformer,resnet,False,True,True,True,4,none,1.0,1.0,1,quantile,global,0.0,0.5458256787099408,0.7324147785262299,0.7324147785262299
pmdata,run,leaves,300,0.0001,128,64,3,transformer,resnet,False,True,True,True,4,none,1.0,1.0,2,quantile,global,0.0,0.5070422535211268,0.7396611553378242,0.7396611553378242
pmdata,run,leaves,300,0.0001,128,64,3,transformer,resnet,False,True,True,True,4,none,1.0,1.0,3,quantile,global,0.0,0.5466217595427638,0.7330271483976322,0.7330271483976322
